marketplace,customer_id,review_id,product_id,product_parent,product_title,product_category,star_rating,helpful_votes,total_votes,vine,verified_purchase,review_headline,review_body,review_date
US,52246189,R1QCYLT25812DM,B00J3O9DYI,766372886,Philips Wireless Portable Speaker,Electronics,4,0,0,N,Y,Four Stars,Great sound and compact. Battery life seems good. Happy with this product.,2015-08-31
US,15063505,R1IN2V953LWQ3Z,B00J3O9DYI,766372886,Philips Wireless Portable Speaker,Electronics,5,0,0,N,Y,Five Stars,Good sound and easy to operate. Happy I purchased it.,2015-08-30
US,28659554,RF5PFHEYI5E12,B00J3O9DYI,766372886,Philips Wireless Portable Speaker,Electronics,1,3,4,N,Y,Works great.. AT FIRST,"This is the second speaker I've purchased and once again I'm having the same issue as before. After a couple months of usage and charging, the charging piece on the device starts to loosen, eventually breaking within the device completely and not allowing for it to work anymore... I originally thought it was me, but now that I need to trash my second Philips in a year, I think its time to move on to another speaker brand.<br /><br />As for sound quality and overall product, I really enjoyed using this portable speaker. Better deal than most out there, but not worth it if I need to buy one every 5 months.",2015-08-23
US,153071,R3HDJM762LI55R,B00J3O9DYI,766372886,Philips Wireless Portable Speaker,Electronics,5,0,0,N,N,Bust the tunes,Take it with me to my jobs every day and it gets rattled around but keeps bustin the tunes.,2015-07-26
US,27381460,R36SESUWNK32X7,B00J3O9DYI,766372886,Philips Wireless Portable Speaker,Electronics,1,1,2,N,Y,Hated it!,Did not work at all!,2015-07-16
US,43221294,R37527MRGSOIR9,B00J3O9DYI,766372886,Philips Wireless Portable Speaker,Electronics,1,2,2,N,N,Manufacturing defect in charging port - breaks very easily,"Same problem as others.  Bought one of these for my dad.  After a couple months of use, the usb jack snapped off from the circuit board - can't charge it any more.<br /><br />I took it apart and found that the port was not attached very well to begin with.  Two small pads of solder and hot glue that didn't adequately hold the port in place.  Sound isn't bad, but the manufacturing quality isn't there. Steer clear, buy something else in this price range.",2015-07-12
US,38353526,R2774DF8LBRK7Z,B00J3O9DYI,766372886,Philips Wireless Portable Speaker,Electronics,5,1,2,N,Y,Surprisingly big sound with rich base from such a portable device.,"My primary reason for buying BT3500B/37 was the need for an above average portable Bluetooth speaker that could be used in conjunction with my iPhone or iPad. It had to be battery-operated, rechargeable and stereo sound -capable. I often listen to International radio broadcasts or watch online TV. I also stream music from my home media center.<br /><br />Prior to this purchase, I had tested quite a few mono speakers at a local brick and mortar store ( a well known national chain). Mono units typically produce a smaller, flatter sound, and I could not make myself sacrifice good sound quality for the size. Stereo units looked like the right way to go, but many lacked in quality. Sure, there are a lot of speakers out there that will easily break your bank, and they may be worth the expense and all... Personaly, I needed something on a reasonably priced without sacrificing quality. I need to add that I already own a couple of older non-Bluetooth speakers and iPod docks by Philps and Logitech. They produce much richer, fuller sound compared to BT3500B/37.  However, they are stationary and could not be operated without AC power.<br /><br />Regardless of its size or purpose, this Bluetooth speaker puts out a nice, round sound with decent highs and lows. base. You will appreciate the sound quality the most when using the speaker in a smaller room, such as a typical bedroom or a bathroom. It is loud enough when used outside, but you're going to lose some of the lows. The smartest thing about this speaker is that it can adjust its volume automatically when turned up too high to minimize and eliminate sound distortion.<br /><br />Overall, I am very pleased with the purchase.",2015-07-07
US,11140914,RNLARQJWV6QP3,B00J3O9DYI,766372886,Philips Wireless Portable Speaker,Electronics,5,2,2,N,Y,Great speaker!!!,"Love it! Got it for work. Bought it from warehouse deals for $45. Came in factory box but used. Can't go wrong! It plays highs and lows very clear. I have an audiophile at work that hates &#34;new age speakers&#34; but thinks this &#34;sounds great&#34;. Bluetooth works flawlessly and is much louder than using the headphone jack on my phone to input on the speaker. Overall, I love this product and am thinking about purchasing another one.",2015-07-05
US,16925662,R2V1YFWB15KX6H,B00J3O9DYI,766372886,Philips Wireless Portable Speaker,Electronics,3,0,0,N,Y,It does a fine job of amplifying my iPhone music,A lot thicker and heavier than I thought; It does a fine job of amplifying my iPhone music.,2015-07-05
US,14747460,R33NXQXKNJMFB8,B00J3O9DYI,766372886,Philips Wireless Portable Speaker,Electronics,1,2,2,N,Y,It broke quickly :(,"Sound isn't that great but it is okay for as long as it lasted.  Yeah, I bought two of them but one of them stopped charging after about a month of use.  During that month I used it only a handful of times.  :(",2015-07-04
US,35760501,R3K6WLFSG60ENX,B00J3O9DYI,766372886,Philips Wireless Portable Speaker,Electronics,1,2,2,N,Y,Not a good deal!,I've had two of these and both have broken.  The place where you plug the adapter in to charge it breaks real easily.  Don't bother buying it!,2015-06-22
US,51047598,R2E7JBD55SKAEM,B00J3O9DYI,766372886,Philips Wireless Portable Speaker,Electronics,1,0,1,N,Y,Avoid,Syncs 1out of 10 attempts.  Frustrating,2015-06-16
US,51562896,R1KVH9PXHVG2O0,B00J3O9DYI,766372886,Philips Wireless Portable Speaker,Electronics,4,0,0,N,Y,Great speaker for the price,"Great speaker for the price. Remarkably good sound, reliable, and light weight, which makes it nice to tote around. Really enjoy it, and have purchased 2 more for my adult kids.",2015-06-09
US,40641266,RPUB5X2DUW135,B00J3O9DYI,766372886,Philips Wireless Portable Speaker,Electronics,1,1,2,N,N,Seems like a poorly built speaker if that happens twice,"I have owned two of these speakers , and both of them the female power outlet broke off inside the speaker . Seems like a poorly built speaker if that happens twice . Great sound if the mini female usb port didn't break :(",2015-06-04
US,27234103,R3EGM73MBHFVC2,B00J3O9DYI,766372886,Philips Wireless Portable Speaker,Electronics,5,1,1,N,Y,... got this as an amazon deal and it is awesome! I wish I could see the battery remaining ...,I got this as an amazon deal and it is awesome! I wish I could see the battery remaining other than when it is on the verge of dying a light starts flashing red. I think if it wasn't a deal I would have opted to buy a JamBox or a different speaker that was a bit more compact with a similar output.,2015-05-27
US,1456693,R5M88YV3NDXUE,B00J3O9DYI,766372886,Philips Wireless Portable Speaker,Electronics,1,0,0,N,Y,One Star,Very bad condition usb port don't charge,2015-05-15
US,34267546,RII97A4QT4L56,B00J3O9DYI,766372886,Philips Wireless Portable Speaker,Electronics,5,1,1,N,Y,great product,"Well worth the money.  Great sound, very portable, great size.  Been using it for a few months with no problems.  Would reccomended compared to the more expensive ones you are paying for the name.",2015-05-13
US,18784727,R1B1PFAQJU6HQR,B00J3O9DYI,766372886,Philips Wireless Portable Speaker,Electronics,1,1,1,N,Y,Won't charge after only 1 month,I have only had this device a month and it had great sound quality but the charger is no longer making a connection.  Great price but terrible quality.,2015-05-11
US,49758344,R21UCHU1FFF3LQ,B00J3O9DYI,766372886,Philips Wireless Portable Speaker,Electronics,5,1,1,N,Y,"Small in size, big in sound","This little guy puts out some serious sound! I bought this for outdoor movies because my projector's speaker is awful. Once I figured out how to route the sound manually to the speaker so it wasn't going through the HDMI to the projector's speaker, I was blown away by the difference. Nice and loud...absolutely no trouble hearing clearly outside...in fact, my neighbor four doors down said he could hear it! If you're using a computer, check the device properties. There are settings for virtual surround, etc. that can improve sound quality even more.<br /><br />I easily paired this with my laptop and my cell phone and it appears that it can switch back and forth between devices on its own if it's paired with more than one &#34;active&#34; device. Pretty cool. Once it's paired the first time, pairing it again is just a matter of switching it to the Bluetooth setting and pressing the pairing button. Couldn't be easier.<br /><br />It seems to hold its charge for a good period as well. I had it running continuously on full volume for about 2.5 hours and didn't run out of juice. It's hard to tell how full the battery is, but on a full charge it's probably good for several hours.<br /><br />Recommend!",2015-05-04
US,2725110,R3VYRR513NZD3N,B00J3O9DYI,766372886,Philips Wireless Portable Speaker,Electronics,5,0,0,N,Y,Five Stars,Excelent,2015-05-03
US,7510198,R1LF7TYYMMFGH3,B00J3O9DYI,766372886,Philips Wireless Portable Speaker,Electronics,5,0,0,N,Y,Has worked great. Battery life is pretty good too,Has worked great.  Battery life is pretty good too.,2015-05-03
US,19137263,R30YIBGM3YT07V,B00J3O9DYI,766372886,Philips Wireless Portable Speaker,Electronics,5,1,1,N,Y,Great value for wireless travel speaker,"Great sound via Bluetooth from my phone for the price.  Sound is comparable to smaller and way more expensive  Beats speaker and better than a few others that are similar price.  Use an equalizer app for best sound.  Bass and treble have good range. Volume range is also very wide.<br /><br />Battery lasted full 7 hours in the car on a road trip without recharging.  I kept it plugged in the whole time I was in a hotel, so I'm not sure how long it lasts.",2015-04-30
US,39480765,R1N3OM9SQSS8KX,B00J3O9DYI,766372886,Philips Wireless Portable Speaker,Electronics,5,0,0,N,Y,Bluetooth speaker,1st Bluetooth Wireless Speaker! Great Sound Very Portable!,2015-04-28
US,50748657,R3A0TIYC7PV15Z,B00J3O9DYI,766372886,Philips Wireless Portable Speaker,Electronics,1,1,1,N,N,Another problem with the USB port.  Phillips needs to fix this. Don't buy this product.,"I also had the same problem with the USB port.  Very happy with the sound and ease of use. After about 2 months of use, the USB port broke and we can no longer charge this speaker.  Part of the USB port actually came out for the speaker still attached to our USB cable.<br />Phillips needs to fix this piece of junk.",2015-04-27
US,51052435,R334IWJH4GA903,B00J3O9DYI,766372886,Philips Wireless Portable Speaker,Electronics,5,0,0,N,Y,Excellent sound for the money,"Surprisingly good sound, battery life, and ease of use.",2015-04-24
US,14830703,R1LU36BXDQEGBI,B00J3O9DYI,766372886,Philips Wireless Portable Speaker,Electronics,5,0,0,N,Y,Very Good Sound,This thing works just great! I bought it to use out by the pool. My 19 year old son keeps &#34;borrowing&#34; it and is hinting that he would like to have one.,2015-04-18
US,17724130,R33WNH3K5TJN3P,B00J3O9DYI,766372886,Philips Wireless Portable Speaker,Electronics,5,0,0,N,Y,Five Stars,Awesome sound better than I thought it would be.,2015-04-11
US,21273498,R270AHF6G4W8ME,B00J3O9DYI,766372886,Philips Wireless Portable Speaker,Electronics,5,0,0,N,Y,Great buy!,"Sound is exceptionally good. Very vibrant highs, powerful mids, and good low end.",2015-04-10
US,18827530,R37LZNCTO4XGSZ,B00J3O9DYI,766372886,Philips Wireless Portable Speaker,Electronics,5,0,0,N,Y,Works great in hotels to broadcast sound from a movie on ...,Louder than you think it might be. Works great in hotels to broadcast sound from a movie on your laptop.,2015-03-30
US,25320040,R1FEE49I4LC2G8,B00J3O9DYI,766372886,Philips Wireless Portable Speaker,Electronics,4,0,0,N,Y,Four Stars,"Very nice and portable, Good sound. Easy Bluetooth access.",2015-03-29
US,11492207,R1R07NZMBRJNG7,B00J3O9DYI,766372886,Philips Wireless Portable Speaker,Electronics,3,0,0,N,Y,Three Stars,Sound quality is ok for the price.,2015-03-25
US,5316204,R1Y7O20MPZ7VG1,B00J3O9DYI,766372886,Philips Wireless Portable Speaker,Electronics,5,1,1,N,Y,Had been looking for awhile and am so glad I found this.,Absolutely love this bluetooth speaker. I'm not a crazy audiophile and I don't blast my music/videos but this thing has been amazing so far. My laptop's speaker are very soft and I enjoy watching videos on it so I figured I'd need to get a bluetooth speaker. I was looking at the more expensive ones around $150+ for awhile and the more I read about them the more it seemed like the extra $70-80 just wasn't worth it. This one went on sale one day for about $20 off and I jumped on it. I use it constantly for listening to music on my phone or when I'm trying to watch some youtube or netflix on my laptop while I'm gaming and it's just amazing. One of my favorite purchases and extremely easy to set up.,2015-03-24
US,25568060,R2RK9MVGWTDMQT,B00J3O9DYI,766372886,Philips Wireless Portable Speaker,Electronics,4,0,0,N,Y,BEST BLUETOOTH SPEAKER FOR THE MONEY!!!!,I listened to this.in walmart before purchase so I knew what I was getting it DOES NOT come.with a remote it looks like one but it's not ...it's loud and small love it you will too I tried many Brands this is by far the loudest and best!!!  I got mine at a.steal $47.xx and some change really glad I bought it,2015-03-24
US,2589752,R2ZDACAIGJFSSQ,B00J3O9DYI,766372886,Philips Wireless Portable Speaker,Electronics,4,0,0,N,Y,Love it!,I take it everywhere. Love it!,2015-03-18
US,45640099,R3TKLZJHW30GLL,B00J3O9DYI,766372886,Philips Wireless Portable Speaker,Electronics,5,1,2,N,Y,The volume output diminished and I was disappointed. Now I realize that the speaker's volume is ...,"I had to delete my earlier negative review when I realized that the problem I was experiencing was user error (mine!).  I thought that the speaker lost sound quality after only a few months.  The volume output diminished and I was disappointed.  Now I realize that the speaker's volume is determined not only by the volume knob on the speaker, but also the volume control on my IPhone.  Those who are more tech savvy are shaking their heads as they read this.  Mea culpa. I award myself 1 star, but the speaker gets 5 stars.  It really is a great speaker for the price. I can enjoy the playlist on my IPhone without wearing headphones.  I'm a happy customer once again.",2015-03-12
US,1716774,R3CQ7IWRLUH7IN,B00J3O9DYI,766372886,Philips Wireless Portable Speaker,Electronics,5,0,0,N,Y,great sound quality for an affordable price,"Love it .. bought this for my husband as an anniversary gift and he loves it he uses it for work , and he loves the distance range he can leave the speaker at a safe good distance and still be able to change the song with his phone and hear it clearly .",2015-02-28
US,28603613,R3DB2WUEUFNYJ5,B00J3O9DYI,766372886,Philips Wireless Portable Speaker,Electronics,4,0,0,N,Y,This little speaker was easy to set up and has the best volume and ...,This little speaker was easy to set up and has the best volume and bass that I have found for the dollar.,2015-02-23
US,25092549,R3KOA7CUHJ3A1S,B00J3O9DYI,766372886,Philips Wireless Portable Speaker,Electronics,4,0,0,N,Y,Four Stars,my wife has jbl which has better sound slightly,2015-02-22
US,4998746,RNA9B2T8VOAAA,B00J3O9DYI,766372886,Philips Wireless Portable Speaker,Electronics,5,0,0,N,Y,Five Stars,great sound nice look easy to operate,2015-02-19
US,36375629,R8NHH21MQMF6M,B00J3O9DYI,766372886,Philips Wireless Portable Speaker,Electronics,5,7,7,N,Y,"Great sound, also serves well as a Speaker phone","I got this for 50 bucks on a Todays' Deal 2 days ago.  I was undecided between this model and the bigger model (which costs 20 dollars more), but chose this model due to its having microphone.  I got tired of carrying a portable boombox around for my wife's dance group practice, as well as their stack of CDs.  Got this 2 days ago and already put it to good use.  Now anyone in her dance group can link to it from their phone, and they can even play music directly from youtube, which relieves me from having to manage their dance music CD collection.<br /><br />The sound is loud enough and does not sound bad at all.  I'm a live-sound engineer & musician who deals with powered PA speakers every weekend, and this doesn't sound bad at all for its size.  I love the volume dial as it can be cranked up/down quickly unlike the + - buttons on most electronics nowaday.  Build quality seems to be quite good, too.<br /><br />I used the unit as a speaker phone today while on a conference.  Not sure how it sounds to the other parties, but did not hear anyone complain. I'm glad I picked this model for the mic, and I'm sure I will be using it as speaker phone a lot more in the future.<br /><br />The only thing I think it needs is to be weatherproof.  But then, it's not a big deal.  It's easy to hold as it's about the right thickness for the palm, it does feel substantial when I hold it in my hand.  There is a fold-able built-in stand in the back side that can prop the unit up at about 30-degree and 45-degree angles (could have been better if it can accommodate 60-degree angle).<br /><br />I haven't looked into how to replace the rechargeable battery, or how much the battery costs yet. But then, I can always plug it in while playing.<br /><br />Some specs from the User's Manual<br />Rated Output Power: 2 x 5W<br />Signal to Noise ratio &#62; 62dBA<br />Bluetooth version 3.0<br />Range 30 feet<br />Power Supply through USB socket 5V 1A<br />Built-in battery Li-polymer battery (3.7 V, 2200 mAh)<br /><br />Hope that helps.",2015-02-18
US,26214778,R2JXC1J58IT5WC,B00J3O9DYI,766372886,Philips Wireless Portable Speaker,Electronics,5,0,0,N,N,Great speaker. Connects to any BT device within 6 ...,Great speaker. Connects to any BT device within 6 seconds.  I handles bass well for what it is designed for. Overall sound quality imeets my expectations.,2015-02-04
US,27038155,R3M0XXVW052CAG,B00J3O9DYI,766372886,Philips Wireless Portable Speaker,Electronics,5,0,0,N,Y,Five Stars,Great bluetooth speaker for the price. Well made,2015-02-03
US,19117019,RAY9Q2ZY4QQBB,B00J3O9DYI,766372886,Philips Wireless Portable Speaker,Electronics,5,0,0,N,Y,A definite good buy!,Also a birthday gift for my husband.  He appreciates the clear crisp sound and takes it all over our house.  A definite good buy!,2015-01-22
US,38907745,R2KY7EM119TDA6,B00J3O9DYI,766372886,Philips Wireless Portable Speaker,Electronics,5,0,0,N,Y,great buy,Arrived on time product was brand new. Sounds wonderful for the price.battery last for a couple days my wife loves it,2015-01-20
US,674635,RJ8LIOIHS9FV6,B00J3O9DYI,766372886,Philips Wireless Portable Speaker,Electronics,5,0,0,N,Y,Five Stars,Nice and compact,2015-01-17
US,15552710,RTQO6H6ZJ8A4Z,B00J3O9DYI,766372886,Philips Wireless Portable Speaker,Electronics,4,0,0,N,Y,Four Stars,Worth the money!,2015-01-13
US,45416286,R2QMDT88P3PQMA,B00J3O9DYI,766372886,Philips Wireless Portable Speaker,Electronics,5,0,0,N,N,Sound quality is great. I use it all the time and is ...,This little speaker packs a punch. Sound quality is great. I use it all the time and is great while working on my truck.,2015-01-08
US,4264413,R2AZ0SSWD47PRS,B00J3O9DYI,766372886,Philips Wireless Portable Speaker,Electronics,2,1,2,N,Y,Two Stars,For 80 dollars it was crap. But if it was 30 or 49 that would be coo,2015-01-01
US,26784578,R2H8NW1S8C2XWS,B00J3O9DYI,766372886,Philips Wireless Portable Speaker,Electronics,5,0,0,N,Y,Five Stars,I just love it,2014-12-31
US,10363283,R2PI8PMDJDUQAB,B00J3O9DYI,766372886,Philips Wireless Portable Speaker,Electronics,5,0,0,N,N,Phillips products are taking over! !!!,Bought mine at local target. I shopped hard...back and fourth from wally world to target.....Philips had the best sounding speaker hands down!<br />I bought it for my remodeling of my lower part of house. It has drywall dust.....paint....primer......etc... etc..... all over the speaker. Looks like crap...lol....but still playing awesome!<br />I would be embarrassed to sale this at garage sale it looks so bad....lol<br />Been very happy with Phillips brand electronics lately!<br />Use to be a Panasonic die hard....but leaning towards Phillips now ;),2014-12-28
US,12436971,R2TG0COSJEQG56,B00J3O9DYI,766372886,Philips Wireless Portable Speaker,Electronics,5,0,0,N,Y,Five Stars,"Excellent, everyone at work likes this one the most for its sound quality. Just bought one for my son.",2014-12-17
US,11502644,R2BB7LRDTG95IR,B00J3O9DYI,766372886,Philips Wireless Portable Speaker,Electronics,5,0,1,N,Y,Five Stars,Awesome sound for such a small speaker. Works well with ipods,2014-12-16
US,40724353,RJ5E4QKQYEV7P,B00J3O9DYI,766372886,Philips Wireless Portable Speaker,Electronics,4,0,0,N,Y,but sounds great in the kitchen or small room,"As Advertised.  Works well with all devices.  Could use a bit more bass, but sounds great in the kitchen or small room!",2014-12-14
US,2073435,R3NCGOJXQ50LUN,B00J3O9DYI,766372886,Philips Wireless Portable Speaker,Electronics,5,0,0,N,Y,... more expensive some was cheaper but this was the best overall in quality and the price made it better ...,I was at Wal-Mart and they had several speakers some was more expensive some was cheaper but this was the best overall in quality and the price made it better unfortunately Walmart did not have any more but I found one here,2014-12-08
US,13790639,R3NWNIPZQOMM1I,B00J3O9DYI,766372886,Philips Wireless Portable Speaker,Electronics,5,1,1,N,Y,Five Stars,Works fantastically!,2014-12-03
US,44798205,R935KYQYPMF6A,B00J3O9DYI,766372886,Philips Wireless Portable Speaker,Electronics,1,0,8,N,Y,One Star,I return no good,2014-11-24
US,15762380,R2AZ0LK6ZXDQ8I,B00J3O9DYI,766372886,Philips Wireless Portable Speaker,Electronics,5,1,1,N,N,Just buy it dont think just do it,Man really packs a punch for its size fills a large room no problem. The NFC feature is great when a new comer wants to pair up.really surprised and will be recommended to all my friends,2014-11-22
US,9146732,R1XUXHK457WYRW,B00J3O9DYI,766372886,Philips Wireless Portable Speaker,Electronics,5,1,1,N,Y,Great product,"Great product. Excellent audio quality and loudness, specially for the device's small size. Good for small parties with friends and alone in your bedroom. Long term battery.",2014-11-18
US,33779483,RBEDKJSQGP7GZ,B00J3O9DYI,766372886,Philips Wireless Portable Speaker,Electronics,5,1,1,N,Y,Perfect for my classroom,Perfect for my classroom!  Small but very loud!  Just what I was looking for!  Wireless Bluetooth makes this a gem for me and my needs!,2014-11-14
US,34524070,R3GOVO64PZPJAE,B00J3O9DYI,766372886,Philips Wireless Portable Speaker,Electronics,5,2,2,N,Y,Sounds great.,"Use it every day and it's great.  I run Pandora music off my cell phone and I can control the speaker volume from both my phone or the speaker.  Good volume range without distortion.  Battery charge lasts about 5 - 6 hours, then volume starts to fade.",2014-11-14
US,43011412,R1GMPFXEJ6AB46,B00J3O9DYI,766372886,Philips Wireless Portable Speaker,Electronics,5,1,1,N,Y,Five Stars,Excellent devise.,2014-11-07
US,46215204,R5LT1TTE6Z37R,B00J3O9DYI,766372886,Philips Wireless Portable Speaker,Electronics,5,1,1,N,N,"Small speaker, big sound",A great sound from such a small speaker. I can use it anywhere in my home and listen to music I'm streaming from my Kindle Fire. Haven't tried it with my phone yet. It's not complicated to use which I appreciate. Happy with this purchase.,2014-11-07
US,39311718,R3VCVB055RG1J6,B00J3O9DYI,766372886,Philips Wireless Portable Speaker,Electronics,2,0,3,N,Y,It's started out great. I use it daily,"It's started out great.  I use it daily.  Fits in the pocket great. This was my third unit. The sound is strong, but I  had it only 3 months and the speakers sound to be going bad.  I love my tech.  So am really careful with my things. So it was dropped.  All I can figure I use it too much.  I can't check it cracked up. I taught the unit was designed to keep that from happening.  We see from here.",2014-11-01
US,40541712,R2UI5T75XD71XG,B00J3O9DYI,766372886,Philips Wireless Portable Speaker,Electronics,5,1,1,N,Y,Five Stars,Great Sound. Good Range.,2014-10-29
US,31178500,R1E71AIGIRO345,B00J3O9DYI,766372886,Philips Wireless Portable Speaker,Electronics,5,2,3,N,Y,Great Portable Speaker,"I wanted a portable speaker to use with my Droid phone or IPOD. This unit is lightweight, easy to travel with and has a great sound.<br />It sync'd automatically with my devices. I am not a high tech person so the ease of hook up was fantastic for me. I was not disappointed. This is my first bluetooth speaker but this certainly was worth the money.",2014-10-28
US,41327910,R2XKZT595OWC5Q,B00J3O9DYI,766372886,Philips Wireless Portable Speaker,Electronics,5,1,2,N,N,Five Stars,Awesome,2014-10-28
US,1196825,R24I28SM3P67L7,B00J3O9DYI,766372886,Philips Wireless Portable Speaker,Electronics,5,1,1,N,Y,Five Stars,It's ok!,2014-10-27
US,25480585,R2JH8UFGR9OGV5,B00J3O9DYI,766372886,Philips Wireless Portable Speaker,Electronics,5,1,1,N,Y,Five Stars,I use this on my motorcycle when I'm parked to listen to music.,2014-10-27
US,13059210,RGM67Y5NJC912,B00J3O9DYI,766372886,Philips Wireless Portable Speaker,Electronics,5,4,4,N,Y,Good sound and base,"Well built, I have it at my office on top of my desktop. I Bluetooth my iphone music at the end of the day as I winding down as a reward! Good sound and base. I like the fact that it goes into sleep mode when not being used!",2014-10-12
US,12199684,R1RRIGS763BYKP,B00J3O9DYI,766372886,Philips Wireless Portable Speaker,Electronics,5,1,2,N,Y,Five Stars,Fantastic,2014-10-08
US,19775344,R1S4M54PRUXGTC,B00J3O9DYI,766372886,Philips Wireless Portable Speaker,Electronics,5,1,1,N,Y,Five Stars,hell this is great ! so loud and wow,2014-09-28
US,33312185,R1WZDXF2IDWWDM,B00J3O9DYI,766372886,Philips Wireless Portable Speaker,Electronics,3,3,4,N,Y,Problems charging the unit!,"The device worked well except for the charging port. It broke after the 3 use. Amazon replaced the product with no problems, but now I am having the same problem with the new unit. The unit itself has good sound, if the charging problem can be fixed it would be a good unit.",2014-09-28
US,15855929,R1FCSGT4VTWPBL,B00J3O9DYI,766372886,Philips Wireless Portable Speaker,Electronics,1,10,13,N,Y,Terrible assembly strength,Terrible assembly strength...the USB port fell off after normal use. I have a good experience in soldering electrical... but it keep falling off. I can't figure a way to keep it STICK! Should have return it instead of trying to fix it. Waste of a good 70$ speaker that was poorly assembled.,2014-09-27
US,10013075,R280OWID320O5O,B00J3O9DYI,766372886,Philips Wireless Portable Speaker,Electronics,5,1,1,N,Y,Five Stars,Love it,2014-09-26
US,41767924,RNQSCTHOCL8OG,B00J3O9DYI,766372886,Philips Wireless Portable Speaker,Electronics,5,1,1,N,Y,Amazing!,AMAZING!!!! I love this speaker..fast delivery!,2014-09-21
US,41982261,RR0F5J9CFR6AA,B00J3O9DYI,766372886,Philips Wireless Portable Speaker,Electronics,1,0,11,N,Y,False Advertisement,The size given to advertise was not the size received at the outlet.I did not accept it because it was not the size ordered or wanted.,2014-09-21
US,2171686,R1OSLL7EPODPG,B00J3O9DYI,766372886,Philips Wireless Portable Speaker,Electronics,1,9,13,N,Y,"charged the speaker as soon as i received it, ...","charged the speaker as soon as i received it,  Where the cord plugs into the speaker the connector pushed in. device broke. wow.",2014-09-18
US,42094214,R3RCLZPWYT9G6K,B00J3O9DYI,766372886,Philips Wireless Portable Speaker,Electronics,4,1,1,N,Y,Four Stars,Loved the simplicity of the controls.,2014-09-18
US,29733678,R1RGLADHP2X0LT,B00J3O9DYI,766372886,Philips Wireless Portable Speaker,Electronics,1,24,28,N,Y,I was greatly disappointed in this product,"I was greatly disappointed in this product.  I had heard a demo model in a local store and it sounded GREAT!  Then when my daughters birthday came around I ordered it for her.  The second time she went to plug it in to charge it up the USB port broke!  I had looked at most of the customer reviews and there were a LOT of 4 and 5 star ratings, but after looking again once my daughters broke I saw a few reviews stating that they also had the same charge port issue, where the micro USB plug gets pushed inside the speaker really easy!  So this was not an isolated incident with regards to my daughters speaker.  So I would like to recommend that you not purchase this speaker until Philips comes out with a better version.  As far as the sound quality, I think it's one of the better sounding speakers in its price range, it's a shame that you risk pushing in the USB charge port every time you plug it in.",2014-09-16
US,32772997,R1BV5GOL5H5CTN,B00J3O9DYI,766372886,Philips Wireless Portable Speaker,Electronics,5,1,1,N,Y,Five Stars,I love this speaker.  It makes the music from my phone sound sooo much better.  Has plaenty of volumn.,2014-09-15
US,49954031,R2EJCVQOWHWLK4,B00J3O9DYI,766372886,Philips Wireless Portable Speaker,Electronics,5,1,1,N,Y,Five Stars,I love it sound is amazing and its so handy,2014-09-15
US,20352025,R1ZGA79PYI1FW8,B00J3O9DYI,766372886,Philips Wireless Portable Speaker,Electronics,4,3,3,N,Y,"A great, compact unit with good sound quality","A great, compact unit with good sound quality.  I wish it had a better indicator on amount of battery life remaining.  Glad I bought it.",2014-09-13
US,19624470,R17W0L7NVJ1UWS,B00J3O9DYI,766372886,Philips Wireless Portable Speaker,Electronics,5,1,1,N,Y,awesome sound from a small package,awesome sound from a small package. Not a fan of Philips products but heard this at Walmart and was inpressed. easy to set upi,2014-09-12
US,26953693,R311TWPUF2DHB5,B00J3O9DYI,766372886,Philips Wireless Portable Speaker,Electronics,1,8,11,N,Y,I was only able to use it once and had ...,"I was only able to use it once and had no problems. However the 2nd time I tried to re-charge it, the connector dislodged and I was unable to make the connection. I notified the manufacturer and the immediately sent a replacement.",2014-09-10
US,46173886,RJ9YGGOMVN0RD,B00J3O9DYI,766372886,Philips Wireless Portable Speaker,Electronics,5,1,1,N,Y,Terrific purchase!,"Light weight, very good for travel, and the sound is terrific for such a small unit. I compared units at local brick & mortar and for the price this was the best. The sound rivals that of units costing 2 to 3 times as much!",2014-09-10
US,33434939,R2FMQY22Y9F1MJ,B00J3O9DYI,766372886,Philips Wireless Portable Speaker,Electronics,2,10,13,N,Y,This little speaker has fantastic sound! I was shocked at how good it ...,"This little speaker has fantastic sound! I was shocked at how good it is. That's the upside.<br /><br />Downside? What a heartbreaker to have such a great speaker that is constructed so poorly that the USB charging port literally falls out of it.<br />This is not a fluke- it was rattling around in the first one I received and 1 week in, its loose and about to fall out again.<br /><br />One small detail ruins what could be a great speaker. Twice is enough however, it's not a fluke when it happens twice.",2014-09-09
US,23488448,R3SD847ZM97W1Z,B00J3O9DYI,766372886,Philips Wireless Portable Speaker,Electronics,5,1,1,N,Y,Love my Phillip,Simple to use. Great sound. Great to use as a hands free phone.,2014-09-09
US,1855458,RBTJN200Q201T,B00J3O9DYI,766372886,Philips Wireless Portable Speaker,Electronics,3,1,3,N,Y,"Its ok, it took me a while to figure ...","Its ok, it took me a while to figure out how to use it. the instructions were not very informative.",2014-09-09
US,5455148,R1AWOCU1P95X0E,B00J3O9DYI,766372886,Philips Wireless Portable Speaker,Electronics,5,1,1,N,Y,I love it,Great sound and battery life,2014-09-09
US,3749944,RCBQU8B2GKPIW,B00J3O9DYI,766372886,Philips Wireless Portable Speaker,Electronics,2,0,7,N,Y,Kinda not happy.,I keep it at work. Kinda not happy.,2014-09-07
US,44219618,R2LKJU773OE2TH,B00J3O9DYI,766372886,Philips Wireless Portable Speaker,Electronics,5,1,1,N,Y,Five Stars,üëçüëçüëç,2014-09-06
US,51419099,R1HZA0HBHGZZ4T,B00J3O9DYI,766372886,Philips Wireless Portable Speaker,Electronics,5,1,1,N,Y,Five Stars,Awesome unit. I tested many. This one by far sounds the best.,2014-09-04
US,3364456,RLYCQNXYXX33P,B00J3O9DYI,766372886,Philips Wireless Portable Speaker,Electronics,5,1,1,N,N,The best sounding Bluetooth speakers,"The best sounding Bluetooth speakers! ! !<br />The sound is amazing, crystal clear, crisp, clean and has great clean bass. I'm very happy with my purchase!<br />(The only drawback is, I wish it came with a carrying case) Lol.",2014-08-27
US,10079767,R1G8F64IHYG1FM,B00J3O9DYI,766372886,Philips Wireless Portable Speaker,Electronics,2,4,6,N,Y,Poor Charging System-Great Sound,"I love the sound of this speaker.  It has a very big sound. the distance on the bluetooth is also good. It's very easy to connect to your iPhone.  The only down side of this speakers is the charger system and it's a big down side in my eyes.  You can only charge this speaker via USB port connection to your computer.  The cord that comes the this speaker is VERY, VERY, SHORT.  That means it's going to get in the way when charging.  Why wouldn't they provide a DC charging system that could be plugged in the a wall outlet? The charging makes this a bad speaker",2014-08-19
US,48825871,R38MVGW8PYO5ZX,B00J3O9DYI,766372886,Philips Wireless Portable Speaker,Electronics,1,11,16,N,Y,Very weak charging jack,"Cheap charge connector, we left the cord connected and packed it in our luggage.  This caused the charge jack to detach from the circuit board. It just had a dab of hot glue holding it to the circuit board. No way to fix it once it does this.  Into the garbage it went after only a few months of use.  It worked great until this happened.",2014-08-19
US,2411087,R2BUED1W70HLES,B00J3O9DYI,766372886,Philips Wireless Portable Speaker,Electronics,5,2,2,N,N,Best speaker for the price.,"Bought this speaker for my phone to Bluetooth Pandora while I remodel my home.  It is an exceptional value.  The other thing I do with it is listen to lectures.  One of the lecturers that I was unable to listen to on my phone before getting this speaker, is now easy to listen to.  The source on the internet wasn't loud enough to come through the speaker on my phone.  Now, I put him on and pair the Phillips and turn up the volume and it is perfect.  This speaker is the best in this lower price range!  To get better sound you would have to jump up to the UE BOOM at a $200.00 price point.  None of the $100.00  models beat the sound of this speaker.  I highly recommend it for small group meetings.",2014-08-17
US,8623750,R1VQITEI3DLBDS,B00J3O9DYI,766372886,Philips Wireless Portable Speaker,Electronics,4,0,0,N,Y,Four Stars,Good sound for a small device,2014-08-15
US,5955470,R12M9N4H2E4UUI,B00J3O9DYI,766372886,Philips Wireless Portable Speaker,Electronics,5,0,0,N,Y,Five Stars,it's a great buy,2014-08-12
US,37882782,R2FE51RWV69Z68,B00J3O9DYI,766372886,Philips Wireless Portable Speaker,Electronics,4,0,0,N,Y,Four Stars,Did a reasonably good job for the money.,2014-08-11
US,7570545,R2UDVT3ZJJWWHW,B00J3O9DYI,766372886,Philips Wireless Portable Speaker,Electronics,5,0,0,N,Y,Five Stars,Good product every os ok,2014-08-10
US,14216998,R2JLHIQ3020WIM,B00J3O9DYI,766372886,Philips Wireless Portable Speaker,Electronics,5,0,0,N,Y,Five Stars,Yes it's good if you don't have blue tooth for the car. Sounds pretty good for the little speakers.,2014-08-10
US,36998117,R2JWXREAPGZZ2I,B00J3O9DYI,766372886,Philips Wireless Portable Speaker,Electronics,5,0,0,N,Y,Quality sound for the price,Great sound especially for the price. Easy to connect to my iPads and iPhone,2014-08-07
US,10546061,R1469GQ36G55PE,B00J3O9DYI,766372886,Philips Wireless Portable Speaker,Electronics,5,0,0,N,Y,Excellent,Excellent speaker with a perfect design.,2014-07-30
US,38694400,R38SKNYONU84CS,B00J3O9DYI,766372886,Philips Wireless Portable Speaker,Electronics,5,2,2,N,Y,Great sound in a portable speaker!,"Great sound for a small speaker! Connects without a hitch! As soon as my husband heard it, he wanted one!",2014-07-25
US,16834610,R3HQYJ00ZZU1G2,B00J3O9DYI,766372886,Philips Wireless Portable Speaker,Electronics,4,134,147,N,Y,There are some very good reasons to by this speaker--and some not to buy ...,"There are some very good reasons to by this speaker--and some not to buy it.<br /><br />In my opinion this speaker was made for a very different target audience than speakers like the Solemate and the Beats Pill.  For one thing the controls seem designed to appeal to an older crowd.  I remember when Neil Armstrong took that one small step for mankind on the moon, and I've just never been happy with all these push buttons that serve two or three different purposes.  I tried an Oontz speaker and couldn't get it to work.  I'm not going to use my speaker for music, so I do not want track forward and track backward buttons, especially if I'm going to confuse them for volume up or volume down, which was the case with the Oontz.  On this speaker the volume control is a large silver knob, which works great.  Thank you, Philips!  Better yet, the other major control is a little slided that has three positions: Off, Bluetooth, and Aux In.  Slide it to BT and a little light glows blue.  Slide it to Aux In and the light glows red.  Turn it off and the light doesn't glow unless the unit is charging, in which case it glows red.  The upshot is that it's really easy to know which function you've got.  Just look at the light.  I love the controls on this speaker.  They're absolutely perfect.  The only slight hitch is in the button that enables the unit to pair.  This button also answers the phone, and it's smaller and not as easy to find as I would like, but after fumbling around with the Oontz and getting everything wrong all the time I can live with that one button serving dual purposes.  This unit is slightly larger than I expected, but it's slim and has rounded corners and seems designed to slide into a business case. Nothing will fall off or get broken.  I looked at the Solemate, but I thought it would be a lot bulkier than I wanted.  It's thick and wouldn't be as easy to set on a nightstand, for example.  Now for news that I think will either sell this speaker or cause you to look elsewhere: if you're in a conference room with clients and everybody is wearing their best ties and talking money, if you pull this speaker out of your bag and set it on the table to used as a speakerphone or provide audio for a screen presentation, nobody is going to think you borrowed it from your teenager. It looks very professional.  The speakerphone function works find, and it gets loud enough to work in a decent-sized conference room.  It also pairs easily, and when it pairs it makes a small audio tone that wouldn't sound out of place in a business setting.  I bought this speaker specifically to provide audio for my iPad or iPhone when I travel and I want to stream a movie on Instant Video.  So far when I have to make business presentations I've never had to provide the projector--I have one, just in case--and I never have audio.  However, if that ever changes I already have the speaker I need.<br /><br />Now for the sound.  If you're wanting to provide the jams for your next block party, I would recommend looking elsewhere. This speaker does not have a bass port, and it derives all of its sound from two small drivers.  I don't consider myself an audiophile, but when I listen to music I like to hear crystal clear highs and a good low end.  I also like a nice sound stage.  This speaker does not excel in any of those areas.  It's not that it sounds awful, but realistically speaking no speaker this small is going to create the rich, full sound you expect from full-size speakers. Of course I'm also not impressed with the JBL Flip 2, the JBL Charge, the UE Boom, or the Bose Soundlink Mini, all of which I auditioned and rejected, mainly because I didn't like the way any of them sounded.  There's no soundstage at all in any of those speakers, and none of them have good highs.  Once I lowered my expectations for the sound, I concentrated more on the controls--and this speaker came out on top.  For movies and as a speakerphone it will work fine.  I also plan to useit paired with my iPhone when I'm using it as a GPS, and I expect it will work out well for that purpose as well.  Your mileage may vary, but that's my take on this Philips speaker.  I'm giving it four stars because I like it a lot.  If it sounded a little nicer and the button to answer the phone were larger and easier to find I'd give it a fifth star.<br /><br />Update 9/7/2014 -- I've been using this speaker quite a bit to provide audio for TV shows and movies, and it performs great. The battery life and sound are both very good.  Last night I watched Star Wars--just Star Wars--which of course has a lot of thundering music and good sound effects.  The movie sounded fine, and I even noticed that some of the sound effects sounded quite \\""directional\\"".  An enemy fighter would zoom across the screen, and it sounded like it was moving from left to right.  From a speaker this small that's more than I could ask, to be honest. This is a good speaker.",2014-07-19
US,42350907,R1NJ633W149LSZ,B00J3O9DYI,766372886,Philips Wireless Portable Speaker,Electronics,5,1,1,N,N,Satisfied customer,"I highly recommend this sound system. I love tech stuff and this did not disappoint. Simple and easy to use. It has a sound of something 4x's the size. Portable. Bluetooth. When paired with your phone can answer calls with phone or pushing a button on sound box. Calls are in speakerphone format then. I love it. I work at a PC listening to SiriusXM on my phone and when a call comes in music stops, rings through sound box, when call done music starts again. I am very proud of this purchase. I travel a lot for work and hotel rooms are going to be so much better with this sound system!",2014-07-18
US,33913854,R204T1A6UI3B5W,B00J3O9DYI,766372886,Philips Wireless Portable Speaker,Electronics,3,1,1,N,Y,"It sounds great, but synching via Blue Tooth on my Mac ...","It sounds great, but synching via Blue Tooth on my Mac is unreliable.<br />Sometimes it does;  other times I have to reset the Blue tooth on the Mac.<br />It may start playing on the product and then stop.<br />Don't know if it is a product problem or a Mac problem but I can't count on it.",2014-07-13
US,26589629,R1TX12PGLBBRLO,B00J3O9DYI,766372886,Philips Wireless Portable Speaker,Electronics,5,1,1,N,Y,Five Stars,Great item love it,2014-07-13
US,47803181,R2CXL19OO92S4E,B00J3O9DYI,766372886,Philips Wireless Portable Speaker,Electronics,1,1,19,N,Y,can not use with my lg,can not use with my lg tv,2014-07-10
US,42113008,R13W2AJEFMSSHE,B00J3O9DYI,766372886,Philips Wireless Portable Speaker,Electronics,5,5,7,N,N,HIGHLY RECOMMEND!  I liked this better than the $200 Bose wireless mini speaker!,"I didn't buy this through Amazon, so this review won't be a verified purchase.  I purchased this in the wee hours of this morning at a 24 hour Walmart after I spent a couple of hours earlier this evening listening to the demo speakers at my local Best Buy.  Seriously...THIS speaker to me sounds BETTER than the $200 JBL cylinder speaker I was listening to at Best Buy earlier tonight and better than the $200 Beats speaker AND better than the $200 mini Bose wireless speaker!  It has just the perfect mix of base with the higher end sounds.  I'm not a technical expert but I can tell you what I like and I like this sound!  And the price was just under $70.  I LOVE Amazon, but for a purchase like this, I wanted to hear the sound without having to purchase then possibly send it back.  If you don't have a local Walmart or if the price drops here on Amazon, buy it through Amazon, you won't be disappointed.  And the great thing is I have this speaker now linked to my iphone5 for all my great Amazon Prime music I now have and it's linked to my Dell laptop for all my itunes music.  My ONLY disappointment was the instructions weren't great.  It's one of those fold out papers that has a lot of photos instead of step by step written instructions.  The written instructions are there alongside the photos, but the instructions aren't even numbered.  But hey, it's really not a lot to setting it up.  I had the most trouble getting the settings right on my Dell laptop to be able to recognize this cool speaker, so that wasn't the speaker's problem.  Highly recommend!!!",2014-07-06
US,16130416,R12CBNJ9N7C1ZE,B00J3O9DYI,766372886,Philips Wireless Portable Speaker,Electronics,5,61,72,N,N,"You have found one of the current ""Best"" Bluetooth speakers on the market...","After have hands on over 30 Bluetooth speakers - this is my favorite one.  It's very loud and clear and slim.  The price of $75 is also great.  It's also cheaper, louder and lighter than its older sister SB365 (do not buy).  Don't sweat buying this BT3500 - it's the top 2 out of the 30 models I tested....",2014-07-02
US,5627563,R3DKM75AGJ5GVN,B00J3O9DYI,766372886,Philips Wireless Portable Speaker,Electronics,5,2,3,N,Y,Five Stars,Great sound for the size of the unit. Very good battery life. Easy to recharge.,2014-07-01
US,51962128,R356ESFTBC9T62,B00J3O9DYI,766372886,Philips Wireless Portable Speaker,Electronics,5,49,56,N,Y,cranked it up and it played great tunes that were audible throughout the area and everybody ...,"This is what I have been looking for.  I want to listen to my podcasts and music in my car without installing expensive and non-transportable systems.  My previous solution was battery powered and would get inaudible after a few days on batteries and I had to plug in a standard phone plug.  totally unacceptable and unbearable.  With this device I get in my car, turn on my iPod and turn on the BT.  They immediately link and I just hit play.  No wires to plug in; magnificent sound with more than enough volume control.  When I get home I just put it on the charger and have never experienced lack of power through many hours of use.  I use it in the house and on the deck.  I had it in my motorcycle saddlebag at an award picnic and they incredibly had no music!  I took it out and set my iPod to an acceptable playlist, cranked it up and it played great tunes that were audible throughout the area and everybody raved at this little powerhouse.  A guy requested a particular song.  I linked it to my Nokia phone, found the song on Youtube and within a minute of his request the song was playing for all to hear!  It blew his mind!  I love this product.  It was simplicity itself to set up with my Bluetooth devices and has answered all my portable listening requirements.",2014-06-28
US,44377362,R2YYRAINEYZUV3,B00J3O9DYI,766372886,Philips Wireless Portable Speaker,Electronics,5,3,4,N,Y,New Bluetooth Speaker,I am rather impressed with my new bluetooth speaker. It is extemely loud and when my phone rings I answer and talk thru speaker. I am so glad I caught it on sale for $67.45. The sale price of $12 off really inspired me to purchase it and I am so happy I did. Very crisp and clear. Excellent . . .smiling,2014-06-26
US,1884839,R3Q9K9KLDD2AI,B00J3O9DYI,766372886,Philips Wireless Portable Speaker,Electronics,5,3,4,N,Y,The perfect combination for great music.,Perfect for good music and great sound.  I willing stand with the 5 star rating. What else can I say.,2014-06-14
US,13714229,R35YVE2KUIRZYR,B00J3O9DYI,766372886,Philips Wireless Portable Speaker,Electronics,5,3,5,N,Y,Great speakers,"Great speakers for travel, parties , and intimate settings . My friends ask if I brought the box for joyful music. The answer is always yes, because it fit the size of my purse. The volume is awesome!",2014-06-14
US,13369849,R3962FNZPTSIT8,B00J3O9DYI,766372886,Philips Wireless Portable Speaker,Electronics,5,5,7,N,N,I love it so far,This little speaker works great.  The sound is better than I expected.  I love the fact that it can be used as a speakerphone for my cell.  It is very easy to use.  I would highly recommend this speaker.,2014-06-11
US,45145250,R1KE9J9U0YIL8A,B00J3O9DYI,766372886,Philips Wireless Portable Speaker,Electronics,4,10,12,N,Y,Nice sound,I really like the convience of no wires and it syncs al the time the quality of the sound is very nice and my friends like it as well,2014-06-10
US,44295820,R3DUE5WJEP4BDK,B00J3O9DYI,766372886,Philips Wireless Portable Speaker,Electronics,3,26,36,N,Y,DECENT,This is a decent bluetooth speaker - was going to get the Bose but this was half the price and sounds good,2014-06-03
